<?xml version="1.0" encoding="utf-8"?>
<MySettings xmlns:xsi="http://www.w3.org/2001/XMLSchema-instance" xmlns:xsd="http://www.w3.org/2001/XMLSchema">
  <settingsSet>true</settingsSet>
  <cure1enabled>false</cure1enabled>
  <cure1amount>52</cure1amount>
  <cure2enabled>false</cure2enabled>
  <cure2amount>129</cure2amount>
  <cure3enabled>false</cure3enabled>
  <cure3amount>258</cure3amount>
  <cure4enabled>true</cure4enabled>
  <cure4amount>700</cure4amount>
  <cure5enabled>false</cure5enabled>
  <cure5amount>689</cure5amount>
  <cure6enabled>false</cure6enabled>
  <cure6amount>791</cure6amount>
  <curagaEnabled>false</curagaEnabled>
  <curagaAmount>129</curagaAmount>
  <curaga2enabled>false</curaga2enabled>
  <curaga2Amount>258</curaga2Amount>
  <curaga3enabled>false</curaga3enabled>
  <curaga3Amount>471</curaga3Amount>
  <curaga4enabled>false</curaga4enabled>
  <curaga4Amount>689</curaga4Amount>
  <curaga5enabled>false</curaga5enabled>
  <curaga5Amount>791</curaga5Amount>
  <curePercentage>75</curePercentage>
  <priorityCurePercentage>95</priorityCurePercentage>
  <monitoredCurePercentage>85</monitoredCurePercentage>
  <curagaCurePercentage>75</curagaCurePercentage>
  <curagaTargetType>0</curagaTargetType>
  <curagaTargetName />
  <curagaRequiredMembers>3</curagaRequiredMembers>
  <autoHasteMinutes>2</autoHasteMinutes>
  <autoAdloquiumMinutes>2</autoAdloquiumMinutes>
  <autoPhalanxIIMinutes>2</autoPhalanxIIMinutes>
  <autoStormspellMinutes>3</autoStormspellMinutes>
  <autoRefresh_Minutes>2</autoRefresh_Minutes>
  <autoRefresh_Spell>0</autoRefresh_Spell>
  <autoRegen_Minutes>1</autoRegen_Minutes>
  <autoRegen_Spell>0</autoRegen_Spell>
  <autoProtect_Minutes>29</autoProtect_Minutes>
  <autoProtect_Spell>4</autoProtect_Spell>
  <autoShellMinutes>29</autoShellMinutes>
  <autoShell_Spell>4</autoShell_Spell>
  <autoStorm_Spell>0</autoStorm_Spell>
  <plShellra>false</plShellra>
  <plShellra_Level>5</plShellra_Level>
  <plProtectra>false</plProtectra>
  <plProtectra_Level>5</plProtectra_Level>
  <plGainBoost>false</plGainBoost>
  <plGainBoost_Spell>0</plGainBoost_Spell>
  <plBarElement>false</plBarElement>
  <plBarElement_Spell>0</plBarElement_Spell>
  <AOE_Barelemental>false</AOE_Barelemental>
  <plBarStatus>false</plBarStatus>
  <plBarStatus_Spell>0</plBarStatus_Spell>
  <AOE_Barstatus>false</AOE_Barstatus>
  <plAuspice>false</plAuspice>
  <plRegen>false</plRegen>
  <plRegen_Level>4</plRegen_Level>
  <plReraise>false</plReraise>
  <plReraise_Level>2</plReraise_Level>
  <plRefresh>false</plRefresh>
  <plRefresh_Level>1</plRefresh_Level>
  <plProtect>false</plProtect>
  <plShell>false</plShell>
  <plBlink>false</plBlink>
  <plPhalanx>false</plPhalanx>
  <plStoneskin>false</plStoneskin>
  <plTemper>false</plTemper>
  <plTemper_Level>0</plTemper_Level>
  <plEnspell>false</plEnspell>
  <plEnspell_Spell>0</plEnspell_Spell>
  <plStormSpell>false</plStormSpell>
  <plStormSpell_Spell>0</plStormSpell_Spell>
  <plAdloquium>false</plAdloquium>
  <plKlimaform>false</plKlimaform>
  <plAquaveil>false</plAquaveil>
  <plHaste>false</plHaste>
  <plHaste_Level>0</plHaste_Level>
  <plSpikes>false</plSpikes>
  <plSpikes_Spell>0</plSpikes_Spell>
  <plUtsusemi>false</plUtsusemi>
  <accessionCure>false</accessionCure>
  <accessionProShell>false</accessionProShell>
  <AccessionRegen>false</AccessionRegen>
  <PerpetuanceRegen>false</PerpetuanceRegen>
  <regenPerpetuance>false</regenPerpetuance>
  <regenAccession>false</regenAccession>
  <refreshPerpetuance>false</refreshPerpetuance>
  <refreshAccession>false</refreshAccession>
  <blinkPerpetuance>false</blinkPerpetuance>
  <blinkAccession>false</blinkAccession>
  <phalanxPerpetuance>false</phalanxPerpetuance>
  <phalanxAccession>false</phalanxAccession>
  <stoneskinPerpetuance>false</stoneskinPerpetuance>
  <stoneskinAccession>false</stoneskinAccession>
  <enspellPerpetuance>false</enspellPerpetuance>
  <enspellAccession>false</enspellAccession>
  <stormspellPerpetuance>false</stormspellPerpetuance>
  <stormspellAccession>false</stormspellAccession>
  <adloquiumPerpetuance>false</adloquiumPerpetuance>
  <adloquiumAccession>false</adloquiumAccession>
  <aquaveilPerpetuance>false</aquaveilPerpetuance>
  <aquaveilAccession>false</aquaveilAccession>
  <barspellPerpetuance>false</barspellPerpetuance>
  <barspellAccession>false</barspellAccession>
  <barstatusPerpetuance>false</barstatusPerpetuance>
  <barstatusAccession>false</barstatusAccession>
  <EnlightenmentReraise>false</EnlightenmentReraise>
  <EnableGeoSpells>false</EnableGeoSpells>
  <IndiWhenEngaged>false</IndiWhenEngaged>
  <EnableLuopanSpells>false</EnableLuopanSpells>
  <GeoWhenEngaged>false</GeoWhenEngaged>
  <specifiedEngageTarget>false</specifiedEngageTarget>
  <IndiSpell_Spell>0</IndiSpell_Spell>
  <GeoSpell_Spell>0</GeoSpell_Spell>
  <EntrustedSpell_Spell>0</EntrustedSpell_Spell>
  <LuopanSpell_Target />
  <EntrustedSpell_Target />
  <enableSinging>false</enableSinging>
  <recastSongs_Monitored>false</recastSongs_Monitored>
  <SongsOnlyWhenNear>false</SongsOnlyWhenNear>
  <song1>0</song1>
  <song2>0</song2>
  <song3>0</song3>
  <song4>0</song4>
  <dummy1>0</dummy1>
  <dummy2>0</dummy2>
  <recastSongTime>2</recastSongTime>
  <LightArts>false</LightArts>
  <Sublimation>false</Sublimation>
  <AddendumWhite>false</AddendumWhite>
  <Celerity>false</Celerity>
  <Accession>false</Accession>
  <Perpetuance>false</Perpetuance>
  <Penury>false</Penury>
  <Rapture>false</Rapture>
  <DarkArts>false</DarkArts>
  <AddendumBlack>false</AddendumBlack>
  <AfflatusSolace>false</AfflatusSolace>
  <AfflatusMisery>false</AfflatusMisery>
  <DivineSeal>false</DivineSeal>
  <Devotion>false</Devotion>
  <DivineCaress>false</DivineCaress>
  <Composure>false</Composure>
  <Convert>true</Convert>
  <Entrust>false</Entrust>
  <FullCircle>false</FullCircle>
  <Dematerialize>false</Dematerialize>
  <BlazeOfGlory>false</BlazeOfGlory>
  <RadialArcana>false</RadialArcana>
  <EclipticAttrition>false</EclipticAttrition>
  <LifeCycle>false</LifeCycle>
  <Pianissimo>false</Pianissimo>
  <Nightingale>false</Nightingale>
  <Troubadour>false</Troubadour>
  <Marcato>false</Marcato>
  <plDebuffEnabled>false</plDebuffEnabled>
  <monitoredDebuffEnabled>false</monitoredDebuffEnabled>
  <enablePartyDebuffRemoval>false</enablePartyDebuffRemoval>
  <SpecifiednaSpellsenable>false</SpecifiednaSpellsenable>
  <PrioritiseOverLowerTier>false</PrioritiseOverLowerTier>
  <plSilenceItemEnabled>true</plSilenceItemEnabled>
  <plSilenceItem>1</plSilenceItem>
  <plDoomEnabled>true</plDoomEnabled>
  <plDoomitem>0</plDoomitem>
  <wakeSleepEnabled>true</wakeSleepEnabled>
  <wakeSleepSpell>0</wakeSleepSpell>
  <naBlindness>false</naBlindness>
  <naCurse>false</naCurse>
  <naDisease>false</naDisease>
  <naParalysis>false</naParalysis>
  <naPetrification>false</naPetrification>
  <naPlague>false</naPlague>
  <naPoison>false</naPoison>
  <naSilence>false</naSilence>
  <naErase>false</naErase>
  <Esuna>false</Esuna>
  <EsunaOnlyAmnesia>false</EsunaOnlyAmnesia>
  <plAgiDown>false</plAgiDown>
  <plAccuracyDown>false</plAccuracyDown>
  <plAddle>false</plAddle>
  <plAttackDown>false</plAttackDown>
  <plBane>false</plBane>
  <plBind>false</plBind>
  <plBio>false</plBio>
  <plBlindness>false</plBlindness>
  <plBurn>false</plBurn>
  <plChrDown>false</plChrDown>
  <plChoke>false</plChoke>
  <plCurse>false</plCurse>
  <plCurse2>false</plCurse2>
  <plDexDown>false</plDexDown>
  <plDefenseDown>false</plDefenseDown>
  <plDia>false</plDia>
  <plDisease>false</plDisease>
  <plDoom>false</plDoom>
  <plDrown>false</plDrown>
  <plElegy>false</plElegy>
  <plEvasionDown>false</plEvasionDown>
  <plFlash>false</plFlash>
  <plFrost>false</plFrost>
  <plHelix>false</plHelix>
  <plIntDown>false</plIntDown>
  <plMndDown>false</plMndDown>
  <plMagicAccDown>false</plMagicAccDown>
  <plMagicAtkDown>false</plMagicAtkDown>
  <plMaxHpDown>false</plMaxHpDown>
  <plMaxMpDown>false</plMaxMpDown>
  <plMaxTpDown>false</plMaxTpDown>
  <plParalysis>false</plParalysis>
  <plPlague>false</plPlague>
  <plPoison>false</plPoison>
  <plRasp>false</plRasp>
  <plRequiem>false</plRequiem>
  <plStrDown>false</plStrDown>
  <plShock>false</plShock>
  <plSilence>false</plSilence>
  <plSlow>false</plSlow>
  <plThrenody>false</plThrenody>
  <plVitDown>false</plVitDown>
  <plWeight>false</plWeight>
  <plAmnesia>false</plAmnesia>
  <monitoredAgiDown>false</monitoredAgiDown>
  <monitoredAccuracyDown>false</monitoredAccuracyDown>
  <monitoredAddle>false</monitoredAddle>
  <monitoredAttackDown>false</monitoredAttackDown>
  <monitoredBane>false</monitoredBane>
  <monitoredBind>false</monitoredBind>
  <monitoredBio>false</monitoredBio>
  <monitoredBlindness>false</monitoredBlindness>
  <monitoredBurn>false</monitoredBurn>
  <monitoredChrDown>false</monitoredChrDown>
  <monitoredChoke>false</monitoredChoke>
  <monitoredCurse>false</monitoredCurse>
  <monitoredCurse2>false</monitoredCurse2>
  <monitoredDexDown>false</monitoredDexDown>
  <monitoredDefenseDown>false</monitoredDefenseDown>
  <monitoredDia>false</monitoredDia>
  <monitoredDisease>false</monitoredDisease>
  <monitoredDoom>false</monitoredDoom>
  <monitoredDrown>false</monitoredDrown>
  <monitoredElegy>false</monitoredElegy>
  <monitoredEvasionDown>false</monitoredEvasionDown>
  <monitoredFlash>false</monitoredFlash>
  <monitoredFrost>false</monitoredFrost>
  <monitoredHelix>false</monitoredHelix>
  <monitoredIntDown>false</monitoredIntDown>
  <monitoredMndDown>false</monitoredMndDown>
  <monitoredMagicAccDown>false</monitoredMagicAccDown>
  <monitoredMagicAtkDown>false</monitoredMagicAtkDown>
  <monitoredMaxHpDown>false</monitoredMaxHpDown>
  <monitoredMaxMpDown>false</monitoredMaxMpDown>
  <monitoredMaxTpDown>false</monitoredMaxTpDown>
  <monitoredParalysis>false</monitoredParalysis>
  <monitoredPetrification>false</monitoredPetrification>
  <monitoredPlague>false</monitoredPlague>
  <monitoredPoison>false</monitoredPoison>
  <monitoredRasp>false</monitoredRasp>
  <monitoredRequiem>false</monitoredRequiem>
  <monitoredStrDown>false</monitoredStrDown>
  <monitoredShock>false</monitoredShock>
  <monitoredSilence>false</monitoredSilence>
  <monitoredSleep>false</monitoredSleep>
  <monitoredSleep2>false</monitoredSleep2>
  <monitoredSlow>false</monitoredSlow>
  <monitoredThrenody>false</monitoredThrenody>
  <monitoredVitDown>false</monitoredVitDown>
  <monitoredWeight>false</monitoredWeight>
  <monitoredAmnesia>false</monitoredAmnesia>
  <na_Weight>false</na_Weight>
  <na_VitDown>false</na_VitDown>
  <na_Threnody>false</na_Threnody>
  <na_Slow>false</na_Slow>
  <na_Shock>false</na_Shock>
  <na_StrDown>false</na_StrDown>
  <na_Requiem>false</na_Requiem>
  <na_Rasp>false</na_Rasp>
  <na_MaxTpDown>false</na_MaxTpDown>
  <na_MaxMpDown>false</na_MaxMpDown>
  <na_MaxHpDown>false</na_MaxHpDown>
  <na_MagicAttackDown>false</na_MagicAttackDown>
  <na_MagicAccDown>false</na_MagicAccDown>
  <na_MagicDefenseDown>false</na_MagicDefenseDown>
  <na_MndDown>false</na_MndDown>
  <na_IntDown>false</na_IntDown>
  <na_Helix>false</na_Helix>
  <na_Frost>false</na_Frost>
  <na_EvasionDown>false</na_EvasionDown>
  <na_Elegy>false</na_Elegy>
  <na_Drown>false</na_Drown>
  <na_Dia>false</na_Dia>
  <na_DefenseDown>false</na_DefenseDown>
  <na_DexDown>false</na_DexDown>
  <na_Choke>false</na_Choke>
  <na_ChrDown>false</na_ChrDown>
  <na_Burn>false</na_Burn>
  <na_Bio>false</na_Bio>
  <na_Bind>false</na_Bind>
  <na_AttackDown>false</na_AttackDown>
  <na_Addle>false</na_Addle>
  <na_AccuracyDown>false</na_AccuracyDown>
  <na_AgiDown>false</na_AgiDown>
  <mpMinCastValue>100</mpMinCastValue>
  <lowMPcheckBox>false</lowMPcheckBox>
  <healLowMP>false</healLowMP>
  <healWhenMPBelow>5</healWhenMPBelow>
  <standAtMP>false</standAtMP>
  <standAtMP_Percentage>99</standAtMP_Percentage>
  <convertMP>100</convertMP>
  <sublimationMP>100</sublimationMP>
  <Fullcircle_DisableEnemy>false</Fullcircle_DisableEnemy>
  <Fullcircle_GEOTarget>false</Fullcircle_GEOTarget>
  <RadialArcanaMP>300</RadialArcanaMP>
  <RadialArcana_Spell>0</RadialArcana_Spell>
  <DevotionMP>200</DevotionMP>
  <DevotionTargetType>1</DevotionTargetType>
  <DevotionTargetName />
  <DevotionWhenEngaged>false</DevotionWhenEngaged>
  <autoTarget>false</autoTarget>
  <Hate_SpellType>0</Hate_SpellType>
  <autoTargetSpell>Dia</autoTargetSpell>
  <autoTarget_Target />
  <AssistSpecifiedTarget>false</AssistSpecifiedTarget>
  <DisableTargettingCancel>false</DisableTargettingCancel>
  <TargetRemoval_Delay>3</TargetRemoval_Delay>
  <AcceptRaise>false</AcceptRaise>
  <AcceptRaiseOnlyWhenNotInCombat>false</AcceptRaiseOnlyWhenNotInCombat>
  <Overcure>true</Overcure>
  <Undercure>true</Undercure>
  <enableMonitoredPriority>false</enableMonitoredPriority>
  <enableOutOfPartyHealing>true</enableOutOfPartyHealing>
  <OvercureOnHighPriority>false</OvercureOnHighPriority>
  <EnableAddOn>true</EnableAddOn>
  <pauseOnZoneBox>true</pauseOnZoneBox>
  <pauseOnStartBox>true</pauseOnStartBox>
  <pauseOnKO>true</pauseOnKO>
  <MinimiseonStart>false</MinimiseonStart>
  <autoFollowName />
  <autoFollowDistance>5</autoFollowDistance>
  <autoFollow_Warning>false</autoFollow_Warning>
  <FFXIDefaultAutoFollow>false</FFXIDefaultAutoFollow>
  <enableHotKeys>true</enableHotKeys>
  <enableFastCast_Mode>false</enableFastCast_Mode>
  <trackCastingPackets>true</trackCastingPackets>
  <ipAddress>127.0.0.1</ipAddress>
  <listeningPort>19769</listeningPort>
</MySettings>